-0.459586014700978,0.696304832921043,1.0
-0.671292687437521,0.265254634267135,1.0
-0.529235883008912,-0.126945344481099,1.0
0.625110301145144,0.510550863083583,1.0
1.19837055117136,-0.656281018918474,1.0
-0.80929154953322,-1.04263017577075,1.0
0.750910237756161,-0.271227275812925,1.0
-0.111475271921391,-0.0150719587410399,1.0
-0.192319672172766,-3.26095894655092,1.0
-1.72607658906091,1.04664670953163,1.0
-0.159669036129533,-0.803471144649765,1.0
-0.770609520298036,-1.18150234893409,1.0
-0.0742771689197408,0.29362206276727,1.0
1.4637246934041,-2.78591611724545,1.0
2.16978014346645,0.0291590087050155,1.0
-0.591264996801225,1.06271355294439,1.0
-0.581014777330562,-1.00756928171463,1.0
-1.32580583953472,-0.000870381815691474,1.0
-2.07590137586113,0.5089160348844,1.0
1.04984405378661,0.524272779881726,1.0
-0.972895162922476,-1.11336775775182,1.0
0.227980130413091,-0.636207531655493,1.0
0.76543835116493,-0.661903036973272,1.0
1.23421757851457,-1.03014363907996,1.0
0.603765952948501,0.736158317937325,1.0
0.914353320684742,-0.595946388825995,1.0
-1.33221083849942,1.02877551938439,1.0
-0.891039282784324,-1.78937771405744,1.0
0.115991911633374,2.09723124514976,1.0
0.00926987100592043,0.844250076067588,1.0
1.10590876255252,-0.0519438002332938,1.0
1.02706158056933,-1.1866301431248,1.0
1.67013256378074,0.402908214034868,1.0
0.653221292063588,-0.268595180447988,1.0
-0.859797572569659,-2.20588558985143,1.0
0.826374625191313,0.303237456273806,1.0
0.371467720857082,-0.972739245496393,1.0
-1.5303818067965,1.78933198961541,1.0
-0.71734450443307,-0.962901100492629,1.0
1.05944632570654,0.1848761069172,1.0
0.845856547748999,-1.20748724239188,1.0
-2.6679312119635,-0.624018593418279,1.0
-0.372765749108588,0.667727022403021,1.0
0.164781365484524,-0.454931420523173,1.0
0.204510072113889,0.546974847258821,1.0
-2.02885672205107,0.308096081506454,1.0
-1.62157787243784,-0.00298034099182077,1.0
1.25182693239198,0.654636706518801,1.0
-1.19626099473374,0.439885390704034,1.0
0.426008885783911,0.687370286685768,1.0
0.358552633216689,1.77631844186179,1.0
1.52788383362804,0.307720685503418,1.0
-0.457947042353819,-0.0750936844338432,1.0
-0.214212367934858,-0.282658077322088,1.0
-0.978436462198453,-0.740104550721374,1.0
1.23785659587937,0.907573573959976,1.0
-1.59320537302467,0.0105340610334504,1.0
-0.322040018856368,0.159954629885723,1.0
1.35381678144709,-2.05112114354728,1.0
0.508610170682836,-1.43620763090081,1.0
0.381037167309654,1.08587106427647,1.0
0.269815021637575,-0.453743806061348,1.0
-1.53364831479355,-0.909343440367311,1.0
1.20379040471094,-0.490773893168172,1.0
-0.171657106137961,-1.31804606349721,1.0
0.925642407590431,1.40215525718149,1.0
2.68291049425399,0.0170078506247603,1.0
-0.51112898647937,0.643697034031614,1.0
0.434379037291533,-0.774547393654772,1.0
-0.19291418113031,0.680784330298291,1.0
-1.35386473646383,-0.478107604518399,1.0
1.44279112890636,-0.381283802219375,1.0
-1.07625884964606,1.74463192215504,1.0
1.11705813923033,-0.134623478214723,1.0
0.177911668217103,-1.14415341962642,1.0
0.991054891693897,0.375943882042812,1.0
-0.604671778332228,-0.0597413907457804,1.0
-0.926379772927177,-0.237584186910639,1.0
1.91311508836908,0.121862182234505,1.0
-1.79235804712069,1.43325411808947,1.0
-0.546225561432383,-0.5969667147654,1.0
0.418727076299633,0.328267992575234,1.0
0.498472208583634,-1.02928813428085,1.0
-0.564366046881927,2.7154479495968,1.0
0.522875330885134,1.00059845363217,1.0
0.195637623839169,0.00308703132652194,1.0
2.19832363175598,0.185186850917494,1.0
1.18438872382638,1.80973777553765,1.0
1.27774166918666,0.929550953847041,1.0
0.267106823971013,-0.559375656253151,1.0
-0.221268820036451,0.278675310692097,1.0
0.475375201002416,0.964209709507103,1.0
-0.0316630411584729,0.123992965000573,1.0
-1.10459005789622,0.515055543737272,1.0
0.103692610823016,0.260534484181135,1.0
-0.199082844420012,-2.45419370096051,1.0
0.59953441367231,-1.10333092776313,1.0
0.121199281056624,-1.05612252515212,1.0
0.565211647970414,1.12002812573687,1.0
0.459615437270039,-0.302926483719477,1.0
-0.0769203453199605,-0.179678365329998,1.0
0.814132312984007,0.496363017760529,1.0
0.813549660960902,-0.58844371014963,1.0
0.733034398286149,0.442816374730495,1.0
-1.28494768062793,-1.80133095035409,1.0
-0.10538164017207,-1.95472218907617,1.0
0.585885508784566,-1.92870177078603,1.0
-0.383836700373199,-0.116089390912473,1.0
-2.26405255318446,0.773735723833684,1.0
0.729164413865554,0.894860239694839,1.0
-0.613628133253019,0.953105000742629,1.0
0.39269931459589,0.436463823755944,1.0
0.713070781998895,-2.13212715900981,1.0
1.75481702251916,-0.0344405789506779,1.0
-0.305907850236173,0.503140605284791,1.0
1.34938716233356,-0.598522578134973,1.0
-0.168330137477088,-0.21119091749832,1.0
0.596535302710679,0.882312043610298,1.0
-1.23173919498599,-0.494558559505376,1.0
-0.469122159664027,0.433232630518106,1.0
1.17348154294963,-0.437901630460993,1.0
-1.13553376158476,-0.154697352600404,1.0
0.778532058706486,-2.01935955292464,1.0
-0.643467500451094,1.99715149445248,1.0
0.507548602850205,1.21833050550702,1.0
-2.14618941504433,0.347962594329903,1.0
-0.388611542287156,1.49300451943747,1.0
-0.0847086352794688,1.23465699059079,1.0
-0.417961095070991,0.0709145437060635,1.0
0.971263987859403,0.830597246441154,1.0
-0.41072587748464,0.334958853969222,1.0
1.11961958311505,-0.318966182747821,1.0
2.86839337408885,0.0807330185769623,1.0
-0.239355784510733,-0.59460602120505,1.0
0.624552984980233,-0.907734881221163,1.0
-0.805101958162304,0.203280373386588,1.0
0.311744727424657,1.52697548939201,1.0
0.945602519660752,0.646103621796407,1.0
-0.79172512010221,0.631753573215268,1.0
-0.332482322357204,0.669483234553561,1.0
-0.702280874950178,1.0786659246333,1.0
-0.157643990967259,1.37176886641655,1.0
-0.850142806060925,-0.281640177143527,1.0
-0.187014721346183,-0.337523790907266,1.0
1.09989060019747,-1.19061719019438,1.0
0.446887961663078,0.211255142947185,1.0
-1.62641068479276,0.622732371011484,1.0
-0.590039156042868,1.34058839367991,1.0
-0.470854665435506,0.401697724679421,1.0
0.694163891683852,-0.648289663740898,1.0
-0.477604848710478,0.334700360274667,1.0
-0.977786519362362,-2.09079282155924,1.0
-1.86805676362458,0.387562009899573,1.0
-0.176834917913699,1.3682484237736,1.0
1.04420288097053,-0.210043469536914,1.0
0.0738824254386953,1.8119186878559,1.0
-0.167503699823377,0.0171248225160727,1.0
-0.319983529061127,0.188218791892094,1.0
-0.710714170940575,1.94079135444154,1.0
1.13046847743944,-1.32715355022578,1.0
0.315047243956292,0.450129376522202,1.0
-0.122071895886843,-0.215007889058852,1.0
-0.261328356051446,-1.47265517895565,1.0
-0.610829954255122,0.0731762125075542,1.0
0.122689935890704,-1.00033975863594,1.0
-0.49379929551221,0.960273217629557,1.0
0.361176185118631,-0.453501494529747,1.0
-1.34312341688604,-0.645198451009019,1.0
-0.880193716343263,-1.36095083634,1.0
-0.908751544575828,1.73472553427651,1.0
-2.39506586739763,0.183685822149754,1.0
-0.962335828112283,0.7218318610954,1.0
-0.774792103785592,-0.202445607647526,1.0
0.566895100295327,1.34173016370452,1.0
1.04705912840445,0.864750081175335,1.0
-0.361333081472736,0.0537749166369081,1.0
1.01889065960287,0.558979138341788,1.0
-0.288883091001627,-1.10566935471713,1.0
-0.410171940921847,2.24702340033217,1.0
1.1520545808653,1.20405564006355,1.0
-0.00558034627155462,-0.326088180555668,1.0
0.23141158759742,0.068796247150975,1.0
-0.921395077137868,-1.62210795433689,1.0
2.73617978010775,1.19319561339494,1.0
0.930241792616726,1.47934675662573,1.0
0.117411060550555,-0.381692361877115,1.0
-0.786596329209873,-1.37954215067038,1.0
-0.25689692847468,-0.404392353216061,1.0
0.399031832939749,0.832122306932865,1.0
-1.81925130355209,0.154790291028292,1.0
0.527141221166784,-0.76515908411239,1.0
1.10357585795725,-0.102359186316252,1.0
-0.247006949486012,-0.461081263411571,1.0
-0.442115169640539,-0.194930647972478,1.0
-1.25660536994436,-0.686040631313633,1.0
2.2258580716583,1.70436370245398,1.0
1.88465006342877,-1.41599680226692,1.0
0.557178411829525,0.217168629131571,1.0
0.411093309434397,-0.326319309266021,1.0
0.245861523750434,0.463124722553758,1.0
0.897958746495642,-0.0555367639564222,1.0
0.638277436561606,1.07481121769975,1.0
-0.702541870774857,-0.62550863227768,1.0
-0.800919530463031,0.999225818328999,1.0
-0.111644767735556,-0.707254321255754,1.0
-0.508657668117459,-1.41069672516001,1.0
0.872769800935537,-0.706753787080395,1.0
-2.05362363010181,1.97868217005057,1.0
1.32929931636718,-1.56130004625879,1.0
0.867268216059764,0.959695714907565,1.0
0.814158151089431,1.17501006911972,1.0
0.427876646018214,0.134574256570704,1.0
-0.0274637086661974,-0.665948244822126,1.0
-0.21682456107118,-1.73468957913735,1.0
1.42863017265761,0.0415743275408307,1.0
0.55564336434952,-0.943743791352923,1.0
-0.506423009323904,0.200328636278517,1.0
0.777948091733638,0.113360740894388,1.0
-2.13936129223127,-0.755765428698276,1.0
-1.37571381914676,-0.554466131020769,1.0
1.17572184159421,-0.0191998498006053,1.0
1.31354909566658,-0.211109219071515,1.0
1.08383265015177,1.06926291379058,1.0
-0.718221988076509,-0.225812242309388,1.0
-0.941492191751185,-0.396765756386016,1.0
-0.703246974978114,0.74952065784463,1.0
-0.393140379253901,-2.18906611961281,1.0
-0.368170105160926,-1.46758787603788,1.0
0.6056707649058,-0.0484527224575035,1.0
-0.297217265072767,-0.873703476017372,1.0
0.191350874182941,-0.489215170173871,1.0
1.53028679451673,0.827136203412309,1.0
-1.2382804514429,0.194004129036935,1.0
0.174436627185186,1.51797034940854,1.0
-0.12138266522202,0.398309670522798,1.0
0.408672284810626,2.07353200921885,1.0
-0.465698499419656,-0.497484298950615,1.0
-0.0510971457991349,-1.29377867333187,1.0
-0.0467389323186802,-0.675913681303527,1.0
0.849615941689079,-0.567977192012628,1.0
1.20568245603144,0.0162538907509302,1.0
-0.301357643118404,1.61280950766414,1.0
1.24267304529625,0.924928479996681,1.0
1.44970328651839,-1.33908797595068,1.0
-0.70474664874974,0.639029538270439,1.0
1.33071688982607,0.0620890011468681,1.0
-0.452027346653623,-0.574603726109204,1.0
1.6491468666578,-0.086768245076315,1.0
0.0390682968095787,-0.166493313313148,1.0
0.739341110805351,-1.15647729372073,1.0
-1.08336777837027,0.0914171410531612,1.0
0.245200321485141,-1.18236504070797,1.0
0.346651951525613,-1.50548487276138,1.0
0.883588683963863,-1.0075696864877,1.0
1.92428039926753,0.425853795190549,1.0
0.986892701892942,-0.264181863852976,1.0
-0.494788943828664,0.516629862087145,1.0
0.661808096821942,-0.414330718612561,1.0
-1.41576725521732,-1.6718257841502,1.0
-0.622033783729877,0.481001163197435,1.0
0.136835189121869,-2.36859783336709,1.0
-1.11398866908141,0.348761721523374,1.0
0.297885922115863,0.665251211267834,1.0
-0.411829424810398,-0.0677250966224325,1.0
-1.7397251940281,-0.265694639298095,1.0
-1.12851523723507,1.56668534493562,1.0
0.624174251948044,0.491675773153155,1.0
-0.860197656008991,1.04231292516534,1.0
-0.633406266274735,0.431577248143457,1.0
1.89621724014599,-0.96229911216755,1.0
0.344653069262287,0.19126030478991,1.0
0.289166483808366,1.79349605017015,1.0
1.15102098121533,2.42102415919857,1.0
-0.922605876086659,0.999625562639151,1.0
0.937447600614154,0.719860423641084,1.0
-0.346191785491777,2.25232492490823,1.0
-0.0757891564141192,0.72461751388942,1.0
-0.723658296744295,-1.60638718674631,1.0
0.440884857943247,0.457368164303769,1.0
1.00762525664747,1.4547174673432,1.0
-0.210081687832072,-0.0848993608487279,1.0
-0.175491018466669,-1.91178380303269,1.0
0.396582272053114,-0.238202151722511,1.0
-1.54075495335664,1.13215194342982,1.0
1.26965894220406,-0.318888232710097,1.0
0.512970988189482,2.12783509965541,1.0
-1.59100475855858,-1.59138154628265,1.0
0.201730853055792,-1.85812132757365,1.0
-0.412310823734739,0.22587186161073,1.0
-0.278487929327418,-0.796795392778098,1.0
0.780624749781189,-1.9337372364016,1.0
1.10213087444523,-1.14103560280847,1.0
-0.15707185572625,-1.28655064607884,1.0
0.929118845659006,-0.576040584688008,1.0
0.396744657644515,0.658264237522184,1.0
0.364983587096431,-0.476998644593514,1.0
1.59714131176935,-2.06315035996087,1.0
0.458352310471616,-0.813635331376925,1.0
-0.564153954369629,0.960760935909349,1.0
-0.491676696326857,-1.04608625225092,1.0
-2.31540018839048,5.16033295914583,-1.0
1.00350695469653,5.62104865987001,-1.0
-0.977788248147396,5.92114898940844,-1.0
-0.766918276702408,4.3165645426871,-1.0
-0.059560676553568,5.34421543293636,-1.0
0.725707707879857,7.22046695480142,-1.0
-0.390809957026672,9.44530203959617,-1.0
-1.76973797324175,4.82088732689247,-1.0
1.923968442401,7.03543581875411,-1.0
0.0285244441840568,7.30324307222241,-1.0
0.0572262319258059,9.36207085438278,-1.0
-0.933865097833454,5.3996663663646,-1.0
-0.315264216592252,6.64868334790862,-1.0
-0.469075947064796,5.82023827109079,-1.0
-0.100770764998541,6.21391203295504,-1.0
0.0249924414617251,3.93772967557536,-1.0
-0.832139990569665,6.57385378466823,-1.0
-0.191451559653974,6.68865315885005,-1.0
-0.61500646351372,6.94996242411275,-1.0
0.334388074295717,6.21173220009512,-1.0
0.841476145841353,2.66423204615791,-1.0
-0.570244744446736,7.22390568202187,-1.0
1.23969210188101,9.52936408839622,-1.0
0.12206222523973,6.91853910102625,-1.0
-0.680884924651068,6.20286817898636,-1.0
0.0149263073062658,5.09118415676632,-1.0
-1.77016812880188,8.48125847132357,-1.0
-1.1963605028632,4.79431077291664,-1.0
-1.43029886464813,5.08434191560701,-1.0
1.64497114476056,7.35097513265058,-1.0
-0.540083134806452,7.05844686576919,-1.0
-0.892471282048738,3.89120947132271,-1.0
0.0932688528171801,7.52826303490561,-1.0
-1.37297556423488,11.1058337457891,-1.0
-0.110923290460738,6.92836220726292,-1.0
1.56479617738997,2.25964793941826,-1.0
0.287178454244451,5.36965062054712,-1.0
0.372453017489041,6.86956741339855,-1.0
-1.85348665783605,9.69234471524102,-1.0
2.1217899075542,8.20255125939336,-1.0
-0.965508935791412,6.90325220060666,-1.0
-0.666996675221789,7.20765227358206,-1.0
0.276960879548516,8.0848574296665,-1.0
-0.748387876813975,6.1477841632297,-1.0
1.25539720720099,6.86550058762048,-1.0
1.34683392881342,7.71924771661403,-1.0
0.280742059530074,7.0535790189276,-1.0
1.88411607275168,7.50557947250169,-1.0
0.67698178333232,6.65079759048779,-1.0
0.526302952551229,5.80189775554609,-1.0
1.48466855106698,8.71304202037864,-1.0
-0.282263793691413,5.79604660363791,-1.0
-1.19171812111191,8.64554328635069,-1.0
1.13385363008817,5.48428078612672,-1.0
1.03129173513148,5.36126748862163,-1.0
-0.909866406279159,1.607283925413,-1.0
0.886228026323483,8.21070110876094,-1.0
0.353422237092824,6.12547213881907,-1.0
0.821594537514961,8.35830059278156,-1.0
1.60211834829347,5.6041284647609,-1.0
0.751310857053673,5.00332587235172,-1.0
0.56364764011733,6.81469854487253,-1.0
-1.05202201965491,6.17284092014343,-1.0
-1.2866016371763,6.86455361650278,-1.0
0.537028132382389,14.459953116368,-1.0
0.318093398324815,6.22183638242773,-1.0
0.715153760224666,5.45003135142075,-1.0
-0.523211273869037,6.69905083307872,-1.0
1.0106990458015,8.0376242272081,-1.0
-1.88243735844585,5.66513001156203,-1.0
1.46316807114614,4.60541874680566,-1.0
-0.758760300777112,5.92391484013041,-1.0
-0.66481118711491,6.08675331519152,-1.0
0.312571090027848,7.09756294947336,-1.0
0.826475742282786,8.11589670653699,-1.0
0.740035339560425,6.54857659472784,-1.0
-0.842843661207751,4.65464143867702,-1.0
-0.129941633053854,7.94471090542039,-1.0
1.25384249823613,6.97396616989675,-1.0
1.41097821269259,5.45285830460145,-1.0
-0.23825668756619,6.84610178809337,-1.0
-1.97006395455678,3.20823548809016,-1.0
-0.199467269297108,3.16789207076671,-1.0
0.0497043080046335,7.19951860435288,-1.0
1.50826554734109,8.27110838134745,-1.0
-0.628856411383503,5.24999474131791,-1.0
0.801166519608736,3.92464999725463,-1.0
-0.363436613119927,7.14196641280573,-1.0
-0.772019833390774,6.52069320700704,-1.0
1.29101617636043,4.54731553281403,-1.0
0.90486523696874,7.48149956164874,-1.0
-1.03014648593371,6.69494621331129,-1.0
-0.412414110371919,4.12461986225802,-1.0
0.615002764680093,5.46629608263548,-1.0
0.0636811074917249,4.47700560656686,-1.0
0.421618139321854,6.95038520467665,-1.0
-0.180222962599125,7.79167390870976,-1.0
-0.13436653133409,6.59452342841305,-1.0
-1.32413520236501,4.8612611035565,-1.0
1.46647686013815,7.04725666505194,-1.0
1.63182499729549,7.3386509531985,-1.0
0.479697792932053,5.21701576624466,-1.0
0.371616242366673,7.82539257154503,-1.0
-1.01611264957718,4.88452781747646,-1.0
-0.478337660592458,5.97809786625358,-1.0
1.73255742535374,5.75233815905927,-1.0
-0.964304664346169,8.01497136690488,-1.0
1.19576150262304,2.74082786275033,-1.0
-0.629193514494885,6.2567287890432,-1.0
-0.419956227005591,6.64348335395766,-1.0
0.158195457825052,6.904026976293,-1.0
-1.06569247555848,6.71269943493279,-1.0
-0.551008368971441,4.38729552082341,-1.0
-1.42631514050653,4.0461053061034,-1.0
-0.0536161048713032,3.67778244027222,-1.0
-0.344511349185577,6.02608074315398,-1.0
-2.1100266317503,4.0311341592594,-1.0
0.0994643739543648,5.06847072014834,-1.0
-0.192699853589816,8.53155197690601,-1.0
-1.18042774194908,2.38129440113335,-1.0
0.964494766311305,6.04017469167164,-1.0
-0.0165552358516853,5.54896499918256,-1.0
-0.975865424921339,6.78447793202128,-1.0
-0.324628266333694,5.00974458393083,-1.0
-0.162304840067852,7.42272478032244,-1.0
-0.746251521810748,4.95081781620283,-1.0
-0.029882213548021,7.17228737932921,-1.0
-0.679598076421125,3.7781901535035,-1.0
1.0889393988205,5.80058044806432,-1.0
3.53228816637015,3.25160002698888,-1.0
-0.0306324769053852,6.53864047596175,-1.0
-1.68004518070096,4.41311260470352,-1.0
-0.129940084594915,9.60616409219143,-1.0
-2.00579124481345,5.3848584525707,-1.0
0.45680126918616,6.64896590039718,-1.0
-0.832193005733061,4.8252277707775,-1.0
-0.198189066781577,8.46370363473139,-1.0
-0.0491842326560515,4.15319263044567,-1.0
2.34206228315729,9.46802169726592,-1.0
0.473893892395703,4.81349270018635,-1.0
-1.68223015118831,4.11260816711525,-1.0
-0.953227186475319,5.25790834158216,-1.0
1.16304473834574,4.03873124956922,-1.0
0.718956645135008,3.14080384478999,-1.0
0.727453583526395,4.25570285229733,-1.0
-1.72680608655462,7.2326173190828,-1.0
-0.226041581383933,6.32878902701067,-1.0
-0.353809813211949,6.24296583759391,-1.0
0.307535742239988,5.07435396056918,-1.0
0.214944733761402,8.07627163212588,-1.0
0.397630331503116,6.1934460106108,-1.0
-1.21045265167621,8.42246779113153,-1.0
-1.8401601469426,6.93378893681668,-1.0
-1.22491923174437,3.63509288114822,-1.0
0.164984849791412,4.59222825933283,-1.0
-0.0716393257392688,3.1002706743004,-1.0
0.915752499227162,7.89855645466715,-1.0
-0.632454034222317,5.19879889518434,-1.0
-0.689150624986261,4.21216969989804,-1.0
-2.53564648974594,4.70531271179902,-1.0
1.18255038921472,7.19431519073783,-1.0
1.22677279447232,4.54742179046442,-1.0
1.66193876435065,6.81988717139303,-1.0
1.24004089590395,5.9220108210996,-1.0
0.269481788108428,6.1784799160822,-1.0
1.12392538332687,7.31751808935509,-1.0
0.774406100702858,3.52278965611923,-1.0
-0.466650435765657,5.28121236315282,-1.0
-0.110594156920661,8.13264434908141,-1.0
-0.908438147742785,6.15738660206502,-1.0
0.350912596355553,6.87205581384646,-1.0
0.399728123637315,6.42256185504622,-1.0
0.309245320186796,4.80516563047581,-1.0
2.29862510217451,6.2275588003723,-1.0
0.506160521529616,5.31130346554987,-1.0
-0.381409329598939,4.54484853652983,-1.0
-0.585219053725601,7.30525933871652,-1.0
-0.867274079148552,2.83406521041825,-1.0
-0.803770269277028,6.91277036099608,-1.0
-0.551212733453613,7.78390504134932,-1.0
0.802986100060573,7.44196815588532,-1.0
0.140246008770965,6.94939780770437,-1.0
0.159347363353934,4.49979501281952,-1.0
1.66633416720237,4.53029626928424,-1.0
1.24354191836244,4.13048388848168,-1.0
-1.11652541202333,4.41043440149985,-1.0
-1.46702006559663,6.93821503169064,-1.0
-0.0687178409687656,5.55794504875709,-1.0
1.4139576763878,4.56854673235319,-1.0
0.430547115403058,6.13830721587624,-1.0
-0.15582101973596,6.48014227285357,-1.0
1.27691670717883,5.95467163024923,-1.0
0.241808123140333,4.59202864129147,-1.0
0.0527119668229769,3.4533660913111,-1.0
0.72199646381878,5.24542939268702,-1.0
-0.777094540269345,5.86911434254345,-1.0
-0.734952526609454,7.26637372574734,-1.0
0.716757967477066,5.61944782340942,-1.0
-1.40844528422878,6.87777339494189,-1.0
0.410687045048965,5.12495812895838,-1.0
-1.3375496088234,8.99061963175109,-1.0
-0.51752910313001,6.43901744563439,-1.0
-0.952981987550494,5.48134312691418,-1.0
1.19226881032932,2.21613160515199,-1.0
2.39038731240002,8.99485256131782,-1.0
0.804693648653395,7.12980585228657,-1.0
-1.34764287965827,8.16840309891085,-1.0
0.335812363715804,5.69468582062086,-1.0
1.81453770785191,6.24629862481584,-1.0
-1.75956293046852,5.70953291612056,-1.0
0.434205617365229,4.19109941283767,-1.0
-0.0347106702449107,6.14533588687347,-1.0
-0.138019612086654,4.64511343325386,-1.0
-0.833940781865877,6.62096116563029,-1.0
0.626241986565163,-0.0258730601027715,-1.0
0.891594512139842,4.57876074428562,-1.0
0.380654228396723,2.56795570721451,-1.0
0.1050677616879,2.99754808445007,-1.0
-0.796910072236583,4.90860544860919,-1.0
-1.4159770570557,6.54634969047473,-1.0
-0.497910539328564,5.2058996081355,-1.0
-0.664783805261854,3.25478889945643,-1.0
1.56990962861021,8.5470190325561,-1.0
-0.210884816355321,4.11718783150525,-1.0
-1.93457678681816,4.13731634279086,-1.0
0.46927113672133,6.54310896906277,-1.0
0.510791082707476,10.5289720573533,-1.0
1.45458917676486,7.59294987805934,-1.0
-1.11871637272937,8.36986206560281,-1.0
2.09900735808618,6.87955164892088,-1.0
0.697992239244688,5.91361062435219,-1.0
-1.90132543625143,6.67576314912991,-1.0
0.180287853244978,5.8436571632602,-1.0
1.35620307976778,5.03468419365407,-1.0
-0.41883232633677,6.12588086618306,-1.0
1.5127065929913,8.32279669728753,-1.0
0.369709404758223,5.53025854323594,-1.0
0.434812591051131,6.69345378887852,-1.0
0.958567471299788,6.44728344622485,-1.0
0.741391196226356,4.43024912778259,-1.0
0.390142839327406,8.02431314142156,-1.0
-0.580118430205555,4.40080474143292,-1.0
-1.02110415512394,8.31012198275436,-1.0
1.03949705639332,6.40743262439534,-1.0
-1.66390394033136,4.59944593654143,-1.0
-0.408682013801381,5.74516179923662,-1.0
-1.61526214308703,3.322500095252,-1.0
-1.49308946866164,7.36085644624569,-1.0
-0.645193402263183,2.43812875568694,-1.0
0.201215200698516,4.05712358553022,-1.0
-0.0207887347898191,4.34965166571266,-1.0
-0.138143260911882,6.04889466950822,-1.0
-1.36471131357101,8.11042050965781,-1.0
-2.0695009899572,8.60079457276002,-1.0
-1.30663592772492,8.51524977184644,-1.0
-1.44938432576629,4.56885754068464,-1.0
-1.18937184249145,4.5518906954112,-1.0
0.522328698128851,8.92784204221009,-1.0
0.213510066088123,5.98250847538779,-1.0
-0.106314823069116,7.50899140729579,-1.0
-0.20172790286083,4.23442358303019,-1.0
-0.120097860493635,8.801407008063,-1.0
0.806317238784585,5.40406967033245,-1.0
0.533955840221225,4.98230210809438,-1.0
-0.0781894095726762,1.69984959769563,-1.0
-0.245291019723114,2.3561645614486,-1.0
-0.297625247807444,6.83486208400242,-1.0
0.128486250477272,7.47865489276554,-1.0
-0.540676072003022,8.14522943346004,-1.0
0.248938706334687,7.08488012046197,-1.0
0.0638896005662267,7.56696337988479,-1.0
-0.188769145710816,5.92377320169602,-1.0
-0.131952772457014,5.78428520681048,-1.0
-0.322726232658179,5.42513737337944,-1.0
0.149211807785109,4.51580469616352,-1.0
0.208107130791318,6.61621161202833,-1.0
-1.33474517308339,3.0953081475484,-1.0
0.614091617775502,10.8577175541068,-1.0
-1.80584720413757,4.25278060899184,-1.0
-0.997623387626446,8.34593919957272,-1.0
0.727008225894706,4.16358310360954,-1.0
-0.486180238618014,4.48206154251171,-1.0
-0.548544272400493,5.2554808442148,-1.0
-1.12915183448303,5.90638842479477,-1.0
-0.573623480654476,6.92345083153873,-1.0
1.01646328857911,3.6737137734937,-1.0
1.36573111359296,7.28071100757943,-1.0
-0.610540120933121,4.93131622271769,-1.0
-0.309306010500884,7.55347875872386,-1.0
-0.248250073164825,7.44281451374886,-1.0
-0.663315872676441,5.22270276667756,-1.0
-2.22106307243723,6.64735759544676,-1.0
2.08535566278902,5.80631384153835,-1.0
-0.744312926721192,6.4419270824786,-1.0
-0.476651501033847,0.323182361771334,-1.0
0.335212198080551,7.17393433686097,-1.0
-0.542413072722892,6.92959760557998,-1.0
-0.284122667861861,4.5294973983115,-1.0
-0.169294945420619,6.2808238140252,-1.0
0.944307802010261,5.39688917700167,-1.0
1.44366160671094,10.9122705402796,1.0
1.46803081363311,12.1441594675819,1.0
3.06904636802525,13.1427549119723,1.0
-2.61213322650989,13.4521135193139,1.0
0.576450109927523,13.2250282732249,1.0
-0.0383424840490021,11.0060555229377,1.0
0.0353778956720531,12.4763922939096,1.0
-0.310328976100936,11.5418771332569,1.0
0.0521998910021215,10.5989703561021,1.0
1.03411774718607,12.7804641397478,1.0
-1.08565270369923,13.4941243251464,1.0
0.245568056176254,12.415071760158,1.0
0.756607399452891,12.7655586586946,1.0
-1.07068111621393,11.9750395564665,1.0
-1.9825102887406,10.8091535457866,1.0
-0.459953180677334,11.8158616534395,1.0
2.70947508196262,11.7863356453839,1.0
-4.78238089879511,11.1578156204079,1.0
-0.0675441942850881,12.0881297650977,1.0
-2.53604633990469,11.0537918941602,1.0
-0.611593738004153,10.0130065850618,1.0
4.15010546903946,12.7360453023102,1.0
0.567941127377791,13.8828565657305,1.0
2.27430513533178,10.3748538817366,1.0
3.92162078419663,11.6468889081146,1.0
0.756270510185474,12.7679164481049,1.0
-4.65533137027166,13.4176088907474,1.0
1.9685071616049,11.3233915222433,1.0
1.63622823569453,13.3678276482335,1.0
3.46520128789535,10.8001582806181,1.0
-1.37077453629934,14.0918093730282,1.0
-3.9691664779995,11.8614664463784,1.0
-2.55543650925283,12.2110840380416,1.0
-0.956703404243015,10.0062912582604,1.0
2.18958745030388,12.0107727842964,1.0
-2.74069594600823,12.5553330139718,1.0
-4.754558405488,11.9212501691727,1.0
2.24640159786997,13.369799911911,1.0
2.42246452005892,12.2753789937028,1.0
3.35850335128219,12.9000680151336,1.0
0.929954581878636,11.3410249402047,1.0
-0.799923362657091,13.6077243277757,1.0
1.85313061082252,11.2010438100693,1.0
-0.0084015278436158,12.5139874535975,1.0
-2.17550860049071,11.1093828143935,1.0
2.53141519537825,11.9953442242014,1.0
1.25257877381404,9.18614658209984,1.0
1.80376406019697,12.6993838182147,1.0
-3.49466363567611,12.8493695698472,1.0
-1.96451844336172,11.5990125109544,1.0
-0.229220668931969,13.1262086799296,1.0
-2.40393526762687,12.0576098917693,1.0
1.38073557854973,11.8149422040083,1.0
-1.07724545306301,12.1142693045482,1.0
2.91671788138694,10.9376052972394,1.0
2.73852436149863,11.9240565742367,1.0
0.808911375546441,12.2981257559322,1.0
-1.49420602772001,10.7887040279814,1.0
2.01642342468453,12.5372852718257,1.0
0.509635641166088,11.1312755347951,1.0
0.413290954178637,13.8790461303645,1.0
2.29803248833819,11.2121644721219,1.0
-1.44062449504139,12.1176816629384,1.0
2.20130161041725,11.3071578351074,1.0
-0.325528855986105,11.4979418690551,1.0
0.968426307561127,10.6657552977998,1.0
-2.28181653148527,11.5497061248121,1.0
1.92193779241687,10.2103618092061,1.0
1.71789522033722,12.9667353496719,1.0
2.7546481685629,13.050388031805,1.0
1.23217876629099,10.7358469132423,1.0
-0.523880651318684,12.2761772458886,1.0
2.31497267557498,11.1941013225865,1.0
0.415498459360863,10.4140829989706,1.0
3.6466621905726,11.7174512119957,1.0
-2.80714538069865,10.8783430969602,1.0
-0.385282944470818,11.9125461530498,1.0
0.335934531282319,12.9931522002408,1.0
-2.33558504525332,12.3093366022014,1.0
1.89528029503357,12.2336304462994,1.0
2.56166344642301,11.4263545150342,1.0
-0.242267955424954,13.5055046409739,1.0
0.0177868904894881,11.2940264715331,1.0
-0.154882496757415,11.4004778923292,1.0
-2.91119278572272,11.7630268704543,1.0
1.79086902522848,11.2211964388562,1.0
1.78924810396611,12.7784448926837,1.0
-0.233756345644604,12.4717248255276,1.0
2.91698672323634,11.6122033189409,1.0
-1.64570211871515,12.3386834299424,1.0
-0.766756409098813,11.0045069263789,1.0
2.64017232906811,12.0929670243635,1.0
-0.807813471287366,12.8396541578875,1.0
2.85872509470145,12.3898119664825,1.0
-1.90343009586526,14.0864905516413,1.0
-1.72298907544424,12.1175816404711,1.0
2.16162958511397,10.1836597828276,1.0
4.28165727071132,12.2551677528195,1.0
1.8825114775731,10.7338477313154,1.0
1.03505152061151,12.6822304502634,1.0
0.911373663736693,10.7639872918608,1.0
-2.90082553955078,12.2481804520406,1.0
-2.63877508324237,12.7828714566994,1.0
-0.967678371436865,11.6802281876796,1.0
-5.5220765894505,12.6704638914406,1.0
0.511984307742676,13.3500736732601,1.0
0.911823833029171,12.608422105594,1.0
0.836856679998723,12.7443529127852,1.0
-0.232268579585421,10.9694989124224,1.0
2.92978267170399,12.0789100504101,1.0
-1.61062098303183,12.7539621803125,1.0
1.71841386523855,10.8970040420183,1.0
-0.0870754513795421,11.5072395689617,1.0
-0.676281415918111,11.1630304352574,1.0
-1.20146485978038,12.2071471681578,1.0
-5.02988868343684,11.0651823226789,1.0
-0.0744505040743801,13.0627758280072,1.0
-0.142674451986963,13.3191668461705,1.0
-1.97007471948431,11.6084439915917,1.0
-2.17498715258624,13.0699866215154,1.0
1.53460477263082,11.1318885280732,1.0
-2.20682078884573,12.8532298515456,1.0
1.40537442789832,13.1644915551369,1.0
0.53289804615289,10.8865003387955,1.0
1.74049222744209,10.9940208182726,1.0
-1.43323653172943,13.1675706364408,1.0
-0.498930261643812,12.7526442212286,1.0
2.05803865928606,11.8828127354777,1.0
-1.58245208115469,10.8075304210187,1.0
-1.65197342455092,12.0900413152498,1.0
1.17627713731214,11.9307925358056,1.0
-3.59027601848486,10.8305757228629,1.0
-2.66195978595017,13.3259835943745,1.0
1.02945016864224,11.9115074326136,1.0
0.189257651313723,13.0935092324766,1.0
2.48624417900981,10.3251480564917,1.0
3.59401490856755,13.8609554210924,1.0
-0.51357624026445,12.0832203851985,1.0
-0.789795531140015,11.1786321608936,1.0
3.35554042361563,11.8342170508894,1.0
1.96580159769134,10.868822165913,1.0
1.4423029089688,13.4948587298965,1.0
0.434177365003465,12.1210097534792,1.0
2.68523496453101,11.5711665945047,1.0
-0.943942337042775,11.7929946287982,1.0
1.13543090539906,14.6714838281976,1.0
0.840016643594348,11.1070434673857,1.0
-1.48434740189354,11.4990048866189,1.0
0.747484654684653,11.234092711379,1.0
2.14152897989419,10.7055601449329,1.0
0.566550854039853,12.9741778130196,1.0
-0.227528164956913,12.3598582041005,1.0
2.01991212682076,10.7083790654029,1.0
1.97672923423191,10.5803628056752,1.0
-0.844469723703597,12.3624102230478,1.0
-2.16797714378073,10.633380732176,1.0
-3.35700769266415,11.4407087130898,1.0
-0.0279914278813241,11.0333593173151,1.0
1.49606260620718,11.1885858800387,1.0
0.412710297097983,13.4767274195055,1.0
-0.0507843153530581,10.1826029407096,1.0
0.148201214095174,12.6448305554697,1.0
1.19416685365015,12.6068554383024,1.0
1.49704190421168,10.2088210167181,1.0
0.00569068782918398,13.1537473948594,1.0
-3.14987110537402,11.4567252873741,1.0
-0.840805386788093,10.9017883240206,1.0
2.72220509884457,11.7506338319252,1.0
-1.44157357337101,9.81773240874554,1.0
-1.84878432792165,11.7763699240088,1.0
-5.37837787483419,11.6673561966018,1.0
0.478825481688359,10.9654748422771,1.0
2.78294474892892,12.7621023725081,1.0
-2.16246181980792,12.059695043205,1.0
1.38151343661248,11.593181779145,1.0
0.00925787722546327,12.3763046128679,1.0
-2.82448342961637,10.5346406814188,1.0
-1.16372256063311,14.3117502893108,1.0
-0.777825117390119,11.4297103711819,1.0
2.76096503059018,12.0328023025151,1.0
-0.353966040983215,12.3603770239874,1.0
4.29439437414946,10.2649653481012,1.0
0.450300016646318,10.44663614923,1.0
-4.29073752587913,12.991663895638,1.0
1.02010219416257,10.9553213926163,1.0
2.4674563839639,12.6802340363141,1.0
2.04961307824336,12.0869735421504,1.0
-0.267401438228185,11.6528800349202,1.0
0.778830113108767,12.7613308593766,1.0
-1.03100872420173,12.7201880557102,1.0
-0.0871475752663692,11.0296100515741,1.0
-2.56652108760007,11.923879711893,1.0
2.05647570458014,12.1288223173846,1.0
0.74559000139878,12.1927417738159,1.0
-2.53497225255508,10.7401132019341,1.0
-2.840613768241,12.4500743497169,1.0
0.655386350204694,13.6598852011171,1.0
1.4391248306766,11.8345349902089,1.0
0.883743858011109,13.6529173483799,1.0
1.46905452640479,12.5743899343073,1.0
0.379880968387071,13.5181528810975,1.0
-2.08924220322924,12.0959613057354,1.0
1.60650996346491,13.9699496951475,1.0
-1.60712956179479,12.2809380107013,1.0
4.34663290534596,11.5018437060341,1.0
-1.6312603132085,11.3344760338406,1.0
0.303695655190716,13.3041277325179,1.0
-3.05420630576253,14.0389459074729,1.0
2.0663857320136,11.1851221886929,1.0
1.8084652874068,12.4228478715185,1.0
3.13774521290492,13.4881230891832,1.0
-1.74055418054478,10.2400020048128,1.0
2.52775655422514,12.1990162854409,1.0
-0.423459600515268,9.81548091178212,1.0
1.98189104057627,9.50635824241101,1.0
0.128847627973836,12.0647875765705,1.0
1.61408252260806,10.6534913293567,1.0
1.57190436848817,12.2589405523579,1.0
0.831041841726738,11.2729387712817,1.0
-0.51608986529375,9.90499096186289,1.0
1.75815151461498,11.6869756643912,1.0
0.65683366645642,13.0267487811392,1.0
-0.197500910177636,11.4766108024433,1.0
0.763246701167041,12.0133651417642,1.0
1.46883046684061,10.8849558266705,1.0
2.17334316222295,11.1171732298487,1.0
0.0750693940676879,13.4089253478884,1.0
-1.8631703073281,12.5332463712176,1.0
1.53703711444311,12.1510353149674,1.0
3.46152003893599,13.3051309378786,1.0
-3.5186522244356,13.7276023265955,1.0
-0.871510632643765,13.1312868434815,1.0
0.317994510487085,12.3791588797698,1.0
1.22830405039562,10.6122168190852,1.0
-0.0214366927361418,11.2465591220568,1.0
2.33978773314818,10.6407387831993,1.0
-0.828575428496421,12.0882623876276,1.0
3.20004285057539,13.1999260467753,1.0
-2.07001668621623,12.1532877810863,1.0
-3.7777757169382,11.3512095454139,1.0
-2.83039262150108,11.6001684091579,1.0
3.7029433840499,12.8613194754684,1.0
2.28989602051772,12.5119139657227,1.0
-1.84969948599538,11.3311510334407,1.0
3.95888114339259,11.96586149069,1.0
2.92380813984124,11.2609162401806,1.0
0.287742476796994,12.4489964997929,1.0
-0.189169884382224,11.6408615483831,1.0
-0.765209992296201,11.235115872644,1.0
-2.33037314906477,11.3903092562129,1.0
4.09498272634539,11.3746724834497,1.0
2.64258347085975,12.0326884317402,1.0
0.809688605767988,12.4259547762603,1.0
1.84334091405428,12.1759539963097,1.0
1.20573177143861,10.7203301244454,1.0
-1.27515434807914,11.0474864247409,1.0
-1.75643734561659,12.8863017029667,1.0
-1.92154263725832,10.0850922010612,1.0
-3.51576855476676,11.0159996668015,1.0
-1.71475975511271,12.8795103526099,1.0
1.47286952831486,10.6754863433891,1.0
-0.0383747487489045,12.1869793916549,1.0
-1.62818119843036,14.955529209924,1.0
-1.03443311373811,11.337527018468,1.0
-0.733131070302819,12.2329498671297,1.0
-0.998658349821423,11.6262436699399,1.0
-4.48104311680905,11.8421720253537,1.0
4.05996968478486,11.5016562176635,1.0
2.71457801817622,12.0527453830966,1.0
1.06792966122627,12.3548674140349,1.0
-3.11983958848858,13.128348882147,1.0
-1.19340943423671,12.4779777280554,1.0
-0.911975807470765,12.5356252151829,1.0
-1.74332347120612,12.461219322123,1.0
2.82141201648715,11.5375243319362,1.0
0.566089363475255,12.5281312471274,1.0
-1.43744263008802,11.6423388093385,1.0
1.56450016108638,11.033666671339,1.0
-0.784257380708815,10.1384116433961,1.0
3.70078860614341,11.9958211764601,1.0
3.18699598841035,11.2849378908285,1.0
-0.384663516087768,13.7349299515773,1.0
0.309119182516243,11.9872611794256,1.0
-3.1032118553853,11.7237142374214,1.0
2.70405896461051,12.5511938735605,1.0
-0.173415666932052,11.4402188053271,1.0
-0.492170174261571,12.2521684991071,1.0
-0.116185553669728,12.3796402482326,1.0
1.67161672088227,10.1683892272575,1.0
2.4266957167432,9.83783142076004,1.0
2.33309456204766,13.6157747170764,1.0
-0.336584343599522,12.2216572089515,1.0
2.94874214973477,13.6782352736019,1.0
-2.22684855555644,14.5807313952064,1.0
-0.590198590246858,12.6603825006085,1.0
-1.86801453412692,12.0461286104785,1.0
1.95858590462267,12.0492235387178,1.0
0.376088772456427,13.0887175907437,1.0
1.82081323365596,13.3875304837429,1.0
3.7688895123976,11.9009547672393,1.0
7.54226169740794,6.26744232285495,-1.0
13.3307037637487,6.11652961240707,-1.0
11.7074275734076,7.43109737158411,-1.0
13.2409360225555,6.60222480469246,-1.0
11.1406715855861,6.16331028153773,-1.0
11.7934151433077,7.87475943087348,-1.0
12.8102099551658,6.78266399383502,-1.0
10.1549872764782,6.60498602852761,-1.0
13.8209337576403,7.44385992948049,-1.0
10.0614994844877,7.53312899246135,-1.0
11.3780484743771,5.51541117918753,-1.0
11.5288741716571,6.26990139803928,-1.0
14.6822415940781,6.86042437425966,-1.0
11.6572177476405,5.51879206719671,-1.0
8.54725166200299,5.36963498923175,-1.0
11.2350878673872,6.892449510665,-1.0
9.55741573797154,6.03339149770614,-1.0
11.3121745241914,5.79078740639285,-1.0
10.7515443757005,7.07471326286363,-1.0
13.3295991852189,5.66499946167437,-1.0
12.9061217143593,6.46761759431864,-1.0
10.1905264782735,5.77556995794764,-1.0
10.6825348380531,4.53681315934552,-1.0
13.0200800821671,5.80314428755165,-1.0
11.2151888361056,7.52810696214775,-1.0
14.8692364920373,7.4325483580341,-1.0
16.3950118322498,7.37593302531308,-1.0
13.7640902598415,9.19980303084452,-1.0
12.0085049993313,7.00230462462342,-1.0
12.9529455418405,7.7713685158028,-1.0
11.2750983872351,5.4716288921306,-1.0
13.5704279653776,6.59013645438603,-1.0
11.8656398966369,5.05809806996053,-1.0
11.3322203002794,7.66996808058342,-1.0
13.5304253844009,6.96379232784637,-1.0
11.8244201275378,7.15128755437005,-1.0
11.7387181577947,7.23147494601573,-1.0
10.4750695998157,5.82298403600868,-1.0
10.9180142970369,4.98845773582433,-1.0
13.598893932959,7.11876934324493,-1.0
9.66450930461423,6.98608977941298,-1.0
12.6626903637698,8.11805604642037,-1.0
11.4393649405176,4.81837075336115,-1.0
11.6896667966497,6.67897104549142,-1.0
14.435463531431,6.42527698890086,-1.0
11.9582467834961,6.48441322703419,-1.0
10.5377593726837,6.59609679084287,-1.0
14.7460559403678,7.05410874234241,-1.0
12.2842666513418,5.61659165091896,-1.0
9.3580194348104,3.54561465896689,-1.0
12.3141721055027,6.05577067650741,-1.0
13.5943864492376,6.79067592432875,-1.0
14.4934289424978,4.89589404107332,-1.0
11.6026514555894,8.47075051670422,-1.0
11.5534677424304,5.67569120696516,-1.0
13.3190689468076,7.76011195953844,-1.0
13.640710879307,6.85462491548682,-1.0
12.2445129175337,3.84618717412727,-1.0
13.8083249544266,5.81841663776212,-1.0
14.5881177042532,4.67908866784229,-1.0
9.10116834122544,6.0232890395552,-1.0
7.23145349985988,5.44458998486245,-1.0
8.95379427436016,6.57141473966118,-1.0
10.4701495612592,6.07756510749523,-1.0
8.64500717246877,7.26630729504365,-1.0
10.2249266012891,7.04465063763354,-1.0
9.91808597110557,4.47047915511661,-1.0
13.7889640023722,5.67889784411018,-1.0
13.8699971405604,5.07876865055667,-1.0
10.0411042760127,7.03900430015647,-1.0
16.3620486735953,7.22051946934613,-1.0
9.93139926251799,6.57918978568984,-1.0
11.80356800967,4.83517071315766,-1.0
12.4697125300564,4.67563635141261,-1.0
12.7086318233091,4.960633270365,-1.0
15.3263748257713,4.24317618871642,-1.0
11.6719578821377,5.63642228112016,-1.0
16.3902736030739,5.20691950036699,-1.0
9.50288951855313,5.78855922336194,-1.0
9.53523198941197,8.46829653616466,-1.0
11.6523298998821,4.41393847223251,-1.0
13.9151782588848,5.38042128327489,-1.0
12.2710003962761,6.03469511897033,-1.0
13.4066131015327,4.49087721683465,-1.0
13.3440896450138,4.97447600657558,-1.0
11.6114623942588,6.71306633830025,-1.0
10.2284008587255,6.12473470803743,-1.0
15.8662554787234,5.27956505876601,-1.0
10.4530595808886,5.73426290088128,-1.0
13.2044343815069,5.53706641442446,-1.0
14.9464709823741,5.56401514201261,-1.0
12.6675038292794,4.63738940437488,-1.0
11.8035173045603,6.0376649552481,-1.0
11.0499607757926,4.91191197920103,-1.0
7.54355721207997,4.7439500619532,-1.0
10.9075462376359,4.25843108074296,-1.0
10.1235245427095,5.98938282477171,-1.0
7.56917461924634,7.27876740190687,-1.0
12.6477061451607,7.33754127384377,-1.0
11.2649483964822,4.86103763020014,-1.0
11.1936868573991,6.48405113760951,-1.0
13.94131094623,6.50765472750449,-1.0
10.8103349467996,5.6580942108019,-1.0
11.2973683790238,4.57821458178787,-1.0
10.9347733891548,7.91331677915488,-1.0
12.7506610531856,5.35630439383285,-1.0
15.8645683595462,5.18457090151537,-1.0
9.89415990837383,5.41650960019674,-1.0
12.0464752153981,4.50039663980046,-1.0
10.2930225479119,6.80148357119954,-1.0
12.6591381561924,6.93046588942375,-1.0
9.90315572561867,6.63768672786775,-1.0
13.4806454944054,5.9183676237712,-1.0
13.0140470607604,6.75367684195524,-1.0
15.9682157583338,6.28394675189866,-1.0
15.7275841240225,6.35313668783165,-1.0
9.73587869967973,6.42807138672725,-1.0
15.8664349197901,4.10645202913516,-1.0
9.69196710115712,5.99280971818881,-1.0
12.5149583265031,5.20324377107129,-1.0
6.87180723405391,5.82772323718868,-1.0
12.4322262878419,6.27772930948193,-1.0
10.4943443391467,6.50782043939826,-1.0
11.4324490895944,4.39163128826657,-1.0
8.18910513728746,5.45746446445832,-1.0
10.6540736803805,7.12213345207612,-1.0
10.1621293577003,8.92353880512638,-1.0
7.22693459713213,6.70983584545212,-1.0
11.6980738358707,7.15811261260054,-1.0
13.3920617190937,6.27158392678118,-1.0
15.8074624527415,5.38590837137888,-1.0
13.9589498236713,4.1045184701269,-1.0
12.8635760095939,5.76302459851095,-1.0
11.7985899507334,6.21340003028035,-1.0
9.57253341072022,6.70170752601596,-1.0
12.4445998276426,6.63242748881208,-1.0
12.2682546974722,6.51635633515317,-1.0
13.1733856239245,5.97328116203983,-1.0
10.8350257405208,7.0920049772438,-1.0
14.1409117532191,8.1226997770294,-1.0
15.9693907154761,5.85919246121288,-1.0
13.4227838488263,5.65825684739125,-1.0
12.9690453368978,6.10255683396137,-1.0
13.5577855382755,6.59196479946958,-1.0
9.81563313937153,7.25481397368509,-1.0
15.2595762085564,6.59549429234641,-1.0
14.0440493624263,5.82854032806509,-1.0
12.1687553617777,5.32224560199183,-1.0
10.5930974707237,5.36029706440602,-1.0
14.189503601885,6.76145458970419,-1.0
7.39140661566451,6.59206171710608,-1.0
12.4648788562313,6.03748866225952,-1.0
12.5556338187079,6.18918334331552,-1.0
11.3902503514025,5.27777452138707,-1.0
14.1341350876504,4.98637322582271,-1.0
13.5464595396585,6.37404770494999,-1.0
14.2209691375163,5.48525568877602,-1.0
12.5487696132086,5.33809886474372,-1.0
15.0263359158858,6.04194733103035,-1.0
12.7801004017429,7.65592218735503,-1.0
10.2999978090905,6.39431239858874,-1.0
10.8959545041808,5.38990749587241,-1.0
11.9423279113177,6.94764824671836,-1.0
16.1861149943967,6.44345333501797,-1.0
13.5716562246523,5.59926164208076,-1.0
13.7426411661101,5.28577726321717,-1.0
11.0148347736884,4.65602059096219,-1.0
11.8805118154035,7.22374185282216,-1.0
13.7963131827368,5.50568735147156,-1.0
10.8123332956721,5.03368347959251,-1.0
13.3510014099569,5.5680236109832,-1.0
8.4548984515977,4.81603946802055,-1.0
11.6594994957728,6.33883011665939,-1.0
12.1771524204886,8.66772407883189,-1.0
13.6752272417624,6.2794091633245,-1.0
12.8485468222154,5.74138062312844,-1.0
11.1060015708583,4.52786090668575,-1.0
10.6624956477367,6.0136113018772,-1.0
11.7950386691747,4.67331645129552,-1.0
11.269401848235,5.65652665979894,-1.0
18.7854589514454,7.74022093591062,-1.0
8.52321159199639,6.21580135682641,-1.0
14.6291482237018,6.42119734979895,-1.0
9.93558824596205,6.69054205367654,-1.0
12.8742532408077,6.58646040808454,-1.0
9.70301354525445,6.63801543039532,-1.0
11.4877271605876,6.17444267611544,-1.0
12.8140725888802,4.98543750888097,-1.0
12.6712641956746,7.56738680668552,-1.0
12.5337339333312,7.59259194583436,-1.0
13.7083906474614,6.55771902338876,-1.0
7.96298908462236,6.13213885617595,-1.0
12.4701753598172,4.96370164678774,-1.0
8.82711212932076,6.60361665611994,-1.0
10.5301737780734,3.79998579914667,-1.0
13.0034213048056,5.69048792021818,-1.0
9.45709489469035,6.25796433617889,-1.0
9.83575012295516,8.07323260021855,-1.0
7.76154332711802,4.73310049317703,-1.0
8.09042204172907,6.81098845633971,-1.0
14.3590635295614,5.9770635650342,-1.0
11.7625594656592,6.77245106696797,-1.0
12.7293771151966,6.68777951638587,-1.0
13.6751636333337,5.02541376276674,-1.0
11.9910519440476,7.33660676249902,-1.0
13.4168388390198,6.02393080383305,-1.0
12.9929781744919,6.70917994631267,-1.0
12.814649240106,7.04504679583819,-1.0
13.38474989057,5.0430630177923,-1.0
13.5980702856136,6.15042363695854,-1.0
12.3892472065382,4.55023824976434,-1.0
14.8930974603674,5.90192889326002,-1.0
12.1263799299613,6.82559656125973,-1.0
10.7665798093903,4.5711441801676,-1.0
10.6673392767681,6.43823225427235,-1.0
11.9796318454878,7.09779536581151,-1.0
11.546660217817,5.66482855590088,-1.0
12.3957987969853,4.68104895069231,-1.0
9.48901140214756,6.98357977546106,-1.0
12.7475087205907,7.38774614085721,-1.0
11.8860515712988,6.32638626999184,-1.0
12.233661648437,7.32780648181717,-1.0
13.439712258914,5.29510552085985,-1.0
9.13805189712775,6.47127857060632,-1.0
11.0586318310527,6.08750651718689,-1.0
11.2750515160706,6.55515958624762,-1.0
12.1652297471154,5.26897365129196,-1.0
12.9662434662155,6.03477337926318,-1.0
11.8625279529199,4.60664119551163,-1.0
12.9617009292392,3.21131204686047,-1.0
10.6646348812405,6.79942498414096,-1.0
11.4729577542345,5.90740961185889,-1.0
15.8345329623959,6.29737965015663,-1.0
8.82799429711146,5.45513829160365,-1.0
12.4692009528313,6.91375242698131,-1.0
11.3033109344115,6.66900432675251,-1.0
12.0275473197406,5.51048693390978,-1.0
13.1139404212159,5.60769558088872,-1.0
10.5113439610345,6.24724366061973,-1.0
13.639132315004,4.54750177205217,-1.0
10.9187151259025,5.57130166973452,-1.0
10.2946007452897,4.993791746333,-1.0
11.6752054111659,7.08188574762679,-1.0
8.27890805774981,7.97937032676721,-1.0
11.8759290786862,7.6537469843663,-1.0
10.8008284101511,4.66221573761985,-1.0
9.19004165893004,6.19244716992784,-1.0
13.1131473494126,6.69660260489885,-1.0
14.6321810351973,6.12394765981037,-1.0
11.6612957494759,6.23330719216647,-1.0
13.789105345612,5.52190846281187,-1.0
10.769133859128,6.7998479511231,-1.0
10.2172974538481,5.43186573930518,-1.0
10.3538981887733,4.82450841773684,-1.0
10.7850135747548,5.76740402529423,-1.0
10.709304301979,6.94674857029532,-1.0
16.8202730650291,5.87109110485741,-1.0
11.8879453708826,6.70552082817082,-1.0
13.2546554357684,6.37634689279422,-1.0
10.5703032791302,5.24220498101684,-1.0
9.69176217204855,5.76225964326273,-1.0
9.88394875216665,4.57785383885402,-1.0
13.3319680304262,8.13463612379635,-1.0
16.2637492196343,5.28190727447326,-1.0
11.3352500835385,6.52000783144161,-1.0
12.6314210946767,5.35874376914927,-1.0
13.0312642065653,5.79481208087756,-1.0
10.7036919143431,4.48773177479831,-1.0
11.1855132656446,5.55290151088487,-1.0
12.6416537972113,6.52803615329772,-1.0
8.74812531823901,5.9658760147891,-1.0
11.767759461011,6.20011186784013,-1.0
10.819592784678,6.85517105511089,-1.0
14.4852578632105,5.9400047480151,-1.0
10.0816410914169,5.06656471457761,-1.0
11.5003494692803,5.71870308331973,-1.0
11.2051128506989,6.90584868070355,-1.0
13.2114811468134,6.99107336726643,-1.0
14.1043906233359,6.77759244237242,-1.0
8.38481087394214,5.59230233516513,-1.0
12.7486094578243,4.80866118526444,-1.0
13.7316820972988,7.52753754267199,-1.0
12.959305744552,4.71044943843548,-1.0
8.36337780586044,5.78772399728661,-1.0
12.2835487668614,6.93033638170142,-1.0
10.5051165529431,7.1137531234049,-1.0
14.0795899067668,5.18401367065076,-1.0
14.4993419807715,7.26283392176585,-1.0
7.99578637988382,4.52628006519303,-1.0
11.4083042441835,7.36078941900964,-1.0
14.5077516981134,6.12787325665506,-1.0
12.1722289754069,7.48395068802631,-1.0
10.1473555121686,7.90901808387016,-1.0
13.1371575934552,5.8214618154984,-1.0
13.80125638595,7.33351640243538,-1.0
13.9372321840811,3.55254484444064,-1.0
13.8128738934055,6.79705234803451,-1.0
13.249678776968,6.60435704883782,-1.0
14.6331286668946,5.86974641445004,-1.0
10.201402706262,7.15855905480867,-1.0
9.49079920864942,-0.947952498053013,1.0
1.1336803140831,0.455807991398782,1.0
4.32844815899359,1.15312049607315,1.0
11.6607603640364,-2.01242474594047,1.0
-0.798475466925691,-0.00510283202556962,1.0
0.0889611654748554,-0.691226893929631,1.0
5.93338735376375,0.606208861417819,1.0
1.47687354938865,-1.06386249877727,1.0
3.01225260837325,-0.58077402654254,1.0
9.18695526840168,0.637190743875445,1.0
5.51933254773977,-0.0704744903680399,1.0
11.5055602379343,-0.125235331864717,1.0
2.07944013100592,0.0158011505131122,1.0
3.05545486713975,1.21732398130733,1.0
1.53837339640948,-1.16311397197632,1.0
7.36159053629763,-1.96383018183135,1.0
6.38092568078116,0.0161630224424089,1.0
8.07565824578127,-1.9425213079179,1.0
8.25306746073039,1.98415143430366,1.0
2.27858386701667,0.441260179762217,1.0
2.62264900846762,-1.28087961555979,1.0
7.30248188881025,-0.358197502071306,1.0
2.27541006315977,-1.75211923599927,1.0
6.2176749591142,0.838121437269157,1.0
6.14151844477814,-1.39059852007811,1.0
-2.84207230735939,0.355522110583828,1.0
8.68636967326145,0.699524852998725,1.0
12.5581794079299,-0.0818016067019277,1.0
8.99662421013931,-2.33663613453586,1.0
-0.629173531168224,1.22710836512518,1.0
3.57873869327385,-1.03831409956489,1.0
5.35296351961107,1.64740708061804,1.0
3.92646170735414,-0.599957956453201,1.0
8.01230285061651,0.699353258915679,1.0
3.02972128694497,-0.327788851631195,1.0
7.2588031064016,1.22925514438813,1.0
4.30321535609141,1.97859052010145,1.0
4.51390382672865,-0.0355545698865245,1.0
3.71486056249091,0.0447502969054692,1.0
3.07863514697555,-1.84233199712308,1.0
4.53082337505712,-0.578175492181354,1.0
7.03615112436588,-0.80520089336407,1.0
8.5540906844142,0.143181546493744,1.0
7.8581037987172,-0.976443056054241,1.0
5.52569924753065,0.68286953963058,1.0
3.82313790851378,1.46952295239806,1.0
0.367114524435045,-2.09929876260542,1.0
13.6414906492197,-0.224223380273033,1.0
3.33431414006754,-0.15450283075043,1.0
6.3412702896025,-0.220817094783543,1.0
1.64040610096238,1.30937530039406,1.0
10.6878536361539,0.557368044312601,1.0
11.1773385566112,0.464754964735328,1.0
8.527363535268,0.203203975629974,1.0
6.35348221266786,0.942555906955021,1.0
5.86334934309687,-1.606716406814,1.0
6.31588142347133,0.707843653525306,1.0
0.728590637451489,0.337334922318713,1.0
1.94786888060629,1.8064631452732,1.0
3.38220889113964,-0.307081057795248,1.0
10.1964163863006,0.426112791650218,1.0
-0.37800563729872,0.259907786908442,1.0
7.97177394139614,-1.4161510707243,1.0
0.623818552580505,-1.06707079190954,1.0
8.77340992372912,1.98029915217783,1.0
7.68932746279861,-0.848491043147057,1.0
11.3810852798643,0.558754047049237,1.0
2.35744071660938,-1.46518322864643,1.0
5.90982469026571,1.00858766489976,1.0
0.981250499919504,-2.19668746621915,1.0
0.763805335089958,-0.708196271485495,1.0
7.86426635522665,0.352051523825806,1.0
10.2378630006713,0.143473869845023,1.0
10.7408957325662,-1.09442644231458,1.0
3.45669983000916,0.0752247475178721,1.0
5.39692123418345,0.271034788656312,1.0
4.73452875473804,0.484084089909066,1.0
8.29805073260214,0.721916537774885,1.0
6.49397604802533,-0.377621058601065,1.0
5.40246219197366,0.410777557911757,1.0
4.11368596375237,1.16269985714303,1.0
2.84056675034464,-2.18035350037172,1.0
3.45984584975137,-0.29362833877714,1.0
8.08704384934542,1.73147161616191,1.0
7.94388502805434,-0.682763091633392,1.0
0.73209353356374,-1.05549940720267,1.0
1.77172800860207,-0.634994393278367,1.0
5.43687658482693,-0.98786488632916,1.0
1.43920097667009,0.637547330845933,1.0
3.90340924588706,1.11912374019498,1.0
-0.514556345023998,-1.05182732653722,1.0
7.29848952492257,0.313921557500654,1.0
8.52147289294441,0.608046731623437,1.0
2.09705599200872,-0.325684027602362,1.0
8.51583288925789,0.31635271296383,1.0
3.13143541905785,-0.489640236036169,1.0
6.4769643987776,-0.537888091065017,1.0
13.6356305679828,1.09806698532535,1.0
5.92755691537875,0.501321572136896,1.0
5.83899906729257,-1.55712867359218,1.0
7.74872917373333,-0.909842845705721,1.0
7.76964791623278,-0.114916453441494,1.0
-1.71665144697943,0.249901362540848,1.0
5.65793220587262,-1.07692998132502,1.0
6.39104880804609,-1.5552753241608,1.0
0.174545534828509,-0.0814945962232295,1.0
1.07873489725326,-1.01630490364565,1.0
2.61638941827701,0.506341578904245,1.0
3.93838198694579,0.949515628270915,1.0
7.53145839368374,-0.485353037557472,1.0
7.2122615187261,1.75101629784949,1.0
5.86889473433353,-0.862436170242317,1.0
4.64626954335017,-0.717013301464943,1.0
5.0240062379751,-0.137242734347083,1.0
3.15339691768235,0.804466657912886,1.0
6.53227164044469,0.361003001112936,1.0
3.66162803832713,-0.420573933668068,1.0
8.68611377954986,-1.09832875918303,1.0
4.68956502497995,-0.207825090283671,1.0
4.33826870510496,-1.43314086013382,1.0
5.79507720154208,0.655596406462101,1.0
1.61032592824471,2.43647175458767,1.0
-0.201453846423233,1.05962310041697,1.0
6.65659483159109,0.565845484280496,1.0
6.57320072451869,-2.02382471023487,1.0
4.57114329480054,-0.715828719247723,1.0
9.69204400423345,0.0865537812269787,1.0
3.96450039597658,-0.0997768166006213,1.0
6.49695988849682,0.372156554247413,1.0
-0.806299784745078,2.21923635855307,1.0
6.96723622695109,0.546125634054034,1.0
8.62827677655243,-0.563481800793932,1.0
2.03365994328969,0.300079836927716,1.0
2.07464172806042,1.79623570650886,1.0
6.46120265546562,0.450089910330371,1.0
2.82836660303759,0.197383382217416,1.0
7.49278705744382,1.77390224808079,1.0
5.53376002460998,0.852215559427906,1.0
7.23070743692912,-0.527135669717328,1.0
9.8058373090132,1.62594916415324,1.0
6.82895389468298,1.84266313186928,1.0
2.48933775752384,0.482009026968487,1.0
2.23739642493903,-1.31715591947888,1.0
4.19692196000322,-0.300505653720635,1.0
1.67134347133092,-1.4970845141687,1.0
8.2784631857869,-0.0362797706209428,1.0
4.97878352314244,-1.49107446823049,1.0
7.53806683061905,-0.819617808599767,1.0
3.80785814208779,-0.284740691148217,1.0
12.078217824013,0.108323134113466,1.0
5.22403627488838,0.219882199912382,1.0
1.51419700721513,0.653630768538128,1.0
3.25641308876071,0.170814687524625,1.0
14.7375075666804,-1.20710572637839,1.0
3.80308081237976,-0.0132134092483165,1.0
-0.650491412730916,0.115570648074745,1.0
7.6839633546038,-0.483330456725987,1.0
1.44651709284158,-0.751298145631147,1.0
6.4520541857216,1.40439486794198,1.0
5.5370105921918,-1.51972892238618,1.0
6.46473740979727,-1.17999516347414,1.0
7.66107910722345,0.233546868187204,1.0
3.30277030398254,-1.63558053902917,1.0
7.8736237835099,-0.439952046223612,1.0
5.51837868968498,1.53525746495091,1.0
5.57339220737312,-1.95548068015462,1.0
9.88160426255879,1.10253167093152,1.0
8.66067811033182,0.857137870088527,1.0
7.84631939625859,-0.758263886536755,1.0
8.18708194626958,0.719475697455211,1.0
3.67043234151471,0.588939976339437,1.0
9.56716937651963,0.636971211738276,1.0
2.0852529048007,-1.04454573191585,1.0
5.82001494117935,-0.377208702741565,1.0
7.27875955659749,0.706027985440606,1.0
1.57688714817838,-1.07738100367918,1.0
3.21388322083092,-0.335439813037384,1.0
10.1630711633695,-0.888914301425857,1.0
5.3555860275769,-0.810007940723325,1.0
7.34809724811444,1.50344512713799,1.0
5.59271826717028,0.838450356577487,1.0
4.78717404571052,-1.33381439726976,1.0
2.64814999882183,0.482087162486204,1.0
3.0012400701496,-0.675608611769171,1.0
6.3189585212371,0.886734645412477,1.0
8.69602255812081,-0.72822808222608,1.0
5.03996452028787,-0.437656754297031,1.0
4.56676633076825,0.672466270184214,1.0
11.195599853265,-0.171516487494837,1.0
6.60241810087619,0.51164828762365,1.0
10.3072515092655,1.05104725257574,1.0
9.5275227681638,-0.60874740143153,1.0
5.46480276570011,0.246259683579476,1.0
3.7912584554137,1.14265457647573,1.0
3.23938589405175,-0.001872499257402,1.0
5.92352512544183,1.00143861125546,1.0
8.37594693659727,1.86071688875922,1.0
11.8216666303313,1.41044730763862,1.0
7.69589094865217,-0.123889396552635,1.0
6.88193489588593,0.454834067563326,1.0
8.64533852883803,-2.08291162189653,1.0
7.10867974602414,1.06494859579952,1.0
8.83203846552797,-1.01106429362237,1.0
2.54477701599097,-0.312208692195469,1.0
1.74067783239861,1.34626564627931,1.0
8.4223293694028,-0.286911419084075,1.0
4.40114655121716,-0.868982593972609,1.0
1.15125077498096,-1.23789204810882,1.0
6.47159288409393,1.71593250347192,1.0
4.7652523512745,-0.0563094821295263,1.0
3.90724741054885,-1.26751733702387,1.0
6.27644624847094,-1.02407408640552,1.0
2.9551539250497,0.348146658198345,1.0
3.1264259362006,2.02759502751829,1.0
4.07007563765944,1.03637768356266,1.0
4.80085318334666,-1.15865916968201,1.0
3.13151524184502,0.619746746711965,1.0
8.0301060707073,0.1118365979888,1.0
7.88867689647984,0.546147406643285,1.0
7.45556135947259,-1.31579244102331,1.0
4.54767456781518,-2.45934160560119,1.0
3.19426118098551,-1.33411364636688,1.0
9.01886178583306,-0.442238541069294,1.0
7.59133159474038,0.727435009300765,1.0
10.0986636925207,0.169130166302719,1.0
7.32109198703065,0.988636557278356,1.0
4.22869450599644,-1.02236933069411,1.0
2.98630128094717,-0.139343799241391,1.0
10.6857794421914,1.1915264035528,1.0
8.19851478454836,-0.607644262524008,1.0
6.7370266252257,-1.24897501164736,1.0
3.00047278348142,-1.51331639539129,1.0
2.12468947939536,-0.742438005740088,1.0
10.2660059483865,0.567474181775013,1.0
6.37457942606759,1.32620553413052,1.0
6.53847413837756,1.7723826955337,1.0
5.33276996011861,-0.200068333504542,1.0
4.19343816016892,0.953776668034885,1.0
4.4497927944044,0.516011169204585,1.0
3.9940080171376,-0.391062799588475,1.0
7.21578887395574,0.199006819860486,1.0
9.19437887868618,-1.06383209015754,1.0
9.23897673563396,0.77171529326745,1.0
3.90058889364049,0.754613206194487,1.0
8.9308710600011,-0.89509869260674,1.0
5.23128985671027,-0.18512955250299,1.0
4.8417354681467,-0.536515018867769,1.0
3.89486302069971,-1.07127750520109,1.0
9.17465860438053,-0.7610864623479,1.0
-5.45437486324859,1.54458687012736,1.0
5.09849005261015,0.769174614351453,1.0
-1.10896072852219,0.516452496068025,1.0
6.82515100201012,0.978011477740807,1.0
4.69515691574238,-0.918340486325629,1.0
11.118584880172,-1.18660432867931,1.0
7.51938106516202,-0.290934702444667,1.0
5.19505373898548,-1.20548689945584,1.0
4.92746975232535,-0.113550916264253,1.0
5.89016888644743,0.548175114310872,1.0
10.0423149148164,0.645835318041209,1.0
5.15369566098776,-0.425114877685868,1.0
10.3291799714767,0.190624063177827,1.0
8.90944348459446,0.630099906034541,1.0
5.75925638499193,0.575757673238254,1.0
6.38570022290493,0.608421446460541,1.0
5.76288536476804,0.751910431280134,1.0
7.26958818919258,-1.05083742002408,1.0
3.40465962647527,2.02064775055955,1.0
7.59075760354905,0.0399111681186491,1.0
2.1290414536323,-0.0228479162271751,1.0
7.09038702738499,-0.727425699305635,1.0
5.64200221459609,-1.24656926990889,1.0
3.65630249810698,0.204267188495283,1.0
10.2748249849641,-0.661589150097192,1.0
6.47434412768048,-0.0102411296773256,1.0
4.75197824155564,1.12306657622673,1.0
-0.716857230025839,0.423205114944575,1.0
8.30181850318688,-0.506377390846677,1.0
5.30935505343253,0.880506831406968,1.0
1.02372850058432,0.450641365684593,1.0
5.63811746107076,-2.09317835766642,1.0
0.596132166028081,1.84938149273883,1.0
5.31544922059211,-1.36066683958661,1.0
4.37624788901482,0.579359401473055,1.0
6.6648543526275,0.667437370033625,1.0
10.3691374543446,-0.404498853163279,1.0
7.67852118033168,0.265432540349738,1.0
4.2987659867672,-0.69872064018569,1.0
3.163091943537,-0.278233949031696,1.0
2.06186601195016,0.871723150086168,1.0
1.61682195245215,-1.49645218492023,1.0
8.46724847018904,-0.264911319644569,1.0
7.86342306504539,-1.52990740894767,1.0
7.37458289744161,1.81904840192387,1.0
8.92654502022268,-0.089532460756961,1.0
8.00581825988144,-1.06087494969975,1.0
4.69525112728451,0.659992936522966,1.0
4.96565450190188,-1.06451381972328,1.0
2.90152463710532,-0.617786279794873,1.0
7.40810370054639,-0.548699912351374,1.0
